experiment,symbol,session,origins
all_history,NDX,2026-07-21,61
all_history,NDX,2026-07-22,21
all_history,NDX,2026-07-23,61
all_history,NDX,2026-07-24,44
all_history,NDX,2026-07-30,12
all_history,NDX,2026-07-31,40
all_history,NDX,2026-08-03,17
all_history,NDX,2026-08-11,14
all_history,NDX,2026-08-12,31
all_history,NDX,2026-08-13,24
all_history,NDX,2026-08-14,4
all_history,NDX,2026-09-01,45
all_history,NDX,2026-09-04,16
all_history,NDX,2026-09-08,37
all_history,NDX,2026-09-09,15
all_history,NDX,2026-09-10,46
all_history,NDX,2026-09-11,34
all_history,NDX,2026-09-14,61
all_history,NDX,2026-09-15,11
all_history,NDX,2026-09-16,60
all_history,NDX,2026-09-18,60
all_history,NDX,2026-09-21,1
all_history,NDX,2026-09-22,57
all_history,NDX,2026-09-23,45
all_history,NDX,2026-09-24,61
all_history,NDX,2026-09-25,61
all_history,NDX,2026-09-28,57
all_history,NDX,2026-09-29,61
all_history,SPX,2026-07-21,61
all_history,SPX,2026-07-22,21
all_history,SPX,2026-07-23,61
all_history,SPX,2026-07-24,44
all_history,SPX,2026-07-30,12
all_history,SPX,2026-07-31,40
all_history,SPX,2026-08-03,17
all_history,SPX,2026-08-11,15
all_history,SPX,2026-08-12,31
all_history,SPX,2026-08-13,24
all_history,SPX,2026-08-14,4
all_history,SPX,2026-09-01,45
all_history,SPX,2026-09-04,16
all_history,SPX,2026-09-08,37
all_history,SPX,2026-09-09,15
all_history,SPX,2026-09-10,46
all_history,SPX,2026-09-11,34
all_history,SPX,2026-09-14,61
all_history,SPX,2026-09-15,11
all_history,SPX,2026-09-16,60
all_history,SPX,2026-09-18,60
all_history,SPX,2026-09-21,1
all_history,SPX,2026-09-22,61
all_history,SPX,2026-09-23,45
all_history,SPX,2026-09-24,61
all_history,SPX,2026-09-25,61
all_history,SPX,2026-09-28,57
all_history,SPX,2026-09-29,61
modern,NDX,2026-09-01,45
modern,NDX,2026-09-04,16
modern,NDX,2026-09-08,37
modern,NDX,2026-09-09,15
modern,NDX,2026-09-10,46
modern,NDX,2026-09-11,34
modern,NDX,2026-09-14,61
modern,NDX,2026-09-15,11
modern,NDX,2026-09-16,60
modern,NDX,2026-09-18,60
modern,NDX,2026-09-21,1
modern,NDX,2026-09-22,57
modern,NDX,2026-09-23,45
modern,NDX,2026-09-24,61
modern,NDX,2026-09-25,61
modern,NDX,2026-09-28,57
modern,NDX,2026-09-29,61
modern,SPX,2026-09-01,45
modern,SPX,2026-09-04,16
modern,SPX,2026-09-08,37
modern,SPX,2026-09-09,15
modern,SPX,2026-09-10,46
modern,SPX,2026-09-11,34
modern,SPX,2026-09-14,61
modern,SPX,2026-09-15,11
modern,SPX,2026-09-16,60
modern,SPX,2026-09-18,60
modern,SPX,2026-09-21,1
modern,SPX,2026-09-22,61
modern,SPX,2026-09-23,45
modern,SPX,2026-09-24,61
modern,SPX,2026-09-25,61
modern,SPX,2026-09-28,57
modern,SPX,2026-09-29,61
